time,hex,callsign,latitude,longitude,no_position,altitude,squawk,ground speed,track,vertical speed
2020-01-26 17:37:27Z.466,0xa9a1ad,N72EX,34.24695,-118.44002,P,1275,235,137,295,256
2020-01-26 17:37:29Z.468,0xa9a1ad,,34.24745,-118.44136,P,1300,0,136,294,320
2020-01-26 17:37:30Z.156,0xa9a1ad,,34.2476,-118.44171,P,1300,235,136,294,320
2020-01-26 17:37:30Z.528,0xa9a1ad,N72EX,34.24773,-118.44209,P,1300,235,136,294,320
2020-01-26 17:37:30Z.738,0xa9a1ad,N72EX,34.24773,-118.44209,P,1300,235,136,294,256
2020-01-26 17:37:31Z.492,0xa9a1ad,N72EX,34.24773,-118.44209,P,1300,235,136,294,256
2020-01-26 17:37:31Z.538,0xa9a1ad,N72EX,34.24786,-118.44248,P,1300,235,136,294,256
2020-01-26 17:37:33Z.652,0xa9a1ad,N72EX,34.24848,-118.44412,P,1300,235,136,293,64
2020-01-26 17:37:34Z.432,0xa9a1ad,N72EX,34.24873,-118.44489,P,1300,235,136,292,-64
2020-01-26 17:37:35Z.052,0xa9a1ad,,34.24887,-118.44528,P,1300,235,135,293,128
2020-01-26 17:37:36Z.244,0xa9a1ad,N72EX,34.24913,-118.44606,P,1300,235,136,291,-192
2020-01-26 17:37:36Z.736,0xa9a1ad,N72EX,34.24913,-118.44606,P,1300,235,136,291,-192
2020-01-26 17:37:36Z.922,0xa9a1ad,N72EX,34.24913,-118.44606,P,1300,235,136,291,-192
2020-01-26 17:37:37Z.802,0xa9a1ad,N72EX,34.24941,-118.44692,P,1300,235,136,291,-192
2020-01-26 17:37:38Z.254,0xa9a1ad,,34.2495,-118.4472,P,1275,235,135,293,128
2020-01-26 17:37:38Z.696,0xa9a1ad,,34.24974,-118.44803,P,1275,235,137,290,-128
2020-01-26 17:37:39Z.132,0xa9a1ad,N72EX,34.24988,-118.44841,P,1275,235,138,290,-128
2020-01-26 17:37:40Z.656,0xa9a1ad,N72EX,34.25016,-118.44926,P,1275,235,140,289,-64
2020-01-26 17:37:40Z.656,0xa9a1ad,N72EX,34.25016,-118.44926,P,1275,235,139,290,-128
2020-01-26 17:37:40Z.660,0xa9a1ad,N72EX,34.25006,-118.44893,P,1275,235,139,290,-128
2020-01-26 17:37:41Z.232,0xa9a1ad,N72EX,34.25016,-118.44926,P,1275,235,136,294,256
2020-01-26 17:37:42Z.908,0xa9a1ad,N72EX,34.25061,-118.45084,P,1275,235,141,288,128
2020-01-26 17:37:43Z.126,0xa9a1ad,,34.25072,-118.45122,P,1275,235,141,288,192
2020-01-26 17:37:45Z.034,0xa9a1ad,N72EX,34.25111,-118.4528,P,1300,235,142,288,320
2020-01-26 17:37:45Z.746,0xa9a1ad,,34.25102,-118.45235,P,1275,235,141,288,192
2020-01-26 17:37:45Z.850,0xa9a1ad,N72EX,34.25123,-118.45316,P,1300,235,142,288,384
2020-01-26 17:37:46Z.258,0xa9a1ad,N72EX,34.25132,-118.45345,P,1300,235,142,288,384
2020-01-26 17:37:46Z.390,0xa9a1ad,N72EX,34.25123,-118.45316,P,1300,235,140,289,-64
2020-01-26 17:37:47Z.986,0xa9a1ad,N72EX,34.25174,-118.45499,P,1300,235,142,287,320
2020-01-26 17:37:50Z.750,0xa9a1ad,,34.25207,-118.45619,P,1300,235,142,287,320
2020-01-26 17:37:51Z.334,0xa9a1ad,N72EX,34.25244,-118.45757,P,1300,235,144,288,192
2020-01-26 17:37:51Z.614,0xa9a1ad,,34.25225,-118.45682,P,1300,235,144,288,256
2020-01-26 17:37:51Z.748,0xa9a1ad,N72EX,34.25235,-118.45722,P,1300,235,142,287,320
2020-01-26 17:37:52Z.132,0xa9a1ad,N72EX,34.25235,-118.45722,P,1300,235,144,288,256
2020-01-26 17:37:53Z.110,0xa9a1ad,N72EX,34.25258,-118.45795,P,1300,235,144,288,192
2020-01-26 17:37:55Z.478,0xa9a1ad,N72EX,34.25313,-118.4598,P,1300,235,145,289,64
2020-01-26 17:37:56Z.622,0xa9a1ad,N72EX,34.25349,-118.46104,P,1325,235,146,290,64
2020-01-26 17:37:57Z.458,0xa9a1ad,N72EX,34.25359,-118.46132,P,1300,235,146,291,0
2020-01-26 17:37:58Z.062,0xa9a1ad,N72EX,34.25397,-118.46249,P,1325,235,147,291,0
2020-01-26 17:37:58Z.454,0xa9a1ad,N72EX,34.25386,-118.4621,P,1325,235,147,291,0
2020-01-26 17:37:58Z.982,0xa9a1ad,,34.25397,-118.46249,P,1325,235,146,290,64
2020-01-26 17:37:59Z.580,0xa9a1ad,N72EX,34.25414,-118.46288,P,1325,235,147,291,0
2020-01-26 17:37:59Z.670,0xa9a1ad,N72EX,34.25439,-118.46368,P,1325,235,148,293,-64
2020-01-26 17:38:00Z.540,0xa9a1ad,N72EX,34.25472,-118.46443,P,1325,235,148,293,-64
2020-01-26 17:38:01Z.616,0xa9a1ad,N72EX,34.25472,-118.46443,P,1325,235,148,293,-64
2020-01-26 17:38:03Z.616,0xa9a1ad,N72EX,34.2556,-118.46681,P,1325,235,149,294,0
2020-01-26 17:38:05Z.136,0xa9a1ad,,34.25602,-118.46793,P,1325,235,149,294,0
2020-01-26 17:38:05Z.672,0xa9a1ad,N72EX,34.25611,-118.46826,P,1325,235,149,294,64
2020-01-26 17:38:06Z.084,0xa9a1ad,,34.25629,-118.46861,P,1325,235,149,294,0
2020-01-26 17:38:06Z.644,0xa9a1ad,N72EX,34.25639,-118.46901,P,1325,235,150,294,0
2020-01-26 17:38:07Z.070,0xa9a1ad,N72EX,34.25639,-118.46901,P,1325,235,150,294,0
2020-01-26 17:38:07Z.320,0xa9a1ad,N72EX,34.25658,-118.46947,P,1300,235,150,294,0
2020-01-26 17:38:10Z.180,0xa9a1ad,N72EX,34.25729,-118.47141,P,1300,235,151,294,-64
2020-01-26 17:38:12Z.112,0xa9a1ad,N72EX,34.25784,-118.47284,P,1300,235,151,294,-128
2020-01-26 17:38:12Z.132,0xa9a1ad,N72EX,34.25798,-118.47326,P,1300,235,151,294,-128
2020-01-26 17:38:13Z.084,0xa9a1ad,N72EX,34.25798,-118.47326,P,1300,235,151,294,-128
2020-01-26 17:38:13Z.702,0xa9a1ad,N72EX,34.2583,-118.47404,P,1300,235,151,294,-64
2020-01-26 17:38:14Z.704,0xa9a1ad,,34.25858,-118.47485,P,1300,235,151,294,-128
2020-01-26 17:38:15Z.846,0xa9a1ad,N72EX,34.25909,-118.4761,P,1300,235,151,294,-128
2020-01-26 17:38:16Z.240,0xa9a1ad,N72EX,34.25909,-118.4761,P,1300,235,152,295,-256
2020-01-26 17:38:16Z.740,0xa9a1ad,N72EX,34.2594,-118.47678,P,1300,235,153,295,-256
2020-01-26 17:38:18Z.178,0xa9a1ad,N72EX,34.25949,-118.47707,P,1300,235,151,295,-256
2020-01-26 17:38:18Z.694,0xa9a1ad,N72EX,34.26007,-118.47839,P,1300,235,154,296,-256
2020-01-26 17:38:19Z.790,0xa9a1ad,N72EX,34.26007,-118.47839,P,1300,235,153,296,-256
2020-01-26 17:38:21Z.372,0xa9a1ad,N72EX,34.26091,-118.48039,P,1275,235,154,296,-192
2020-01-26 17:38:21Z.376,0xa9a1ad,N72EX,34.26091,-118.48039,P,1275,235,154,296,-192
2020-01-26 17:38:23Z.176,0xa9a1ad,N72EX,34.26128,-118.48122,P,1275,235,154,297,-64
2020-01-26 17:38:24Z.062,0xa9a1ad,N72EX,34.26165,-118.48206,P,1275,235,154,297,-64
2020-01-26 17:38:24Z.620,0xa9a1ad,N72EX,34.26201,-118.48289,P,1275,235,153,298,320
2020-01-26 17:38:26Z.726,0xa9a1ad,N72EX,34.26254,-118.484,P,1300,235,153,299,256
2020-01-26 17:38:27Z.176,0xa9a1ad,N72EX,34.26287,-118.48474,P,1300,235,153,298,320
2020-01-26 17:38:28Z.124,0xa9a1ad,N72EX,34.26306,-118.48514,P,1300,235,153,299,128
2020-01-26 17:38:29Z.752,0xa9a1ad,N72EX,34.26343,-118.48587,P,1300,235,152,300,128
2020-01-26 17:38:30Z.304,0xa9a1ad,,34.26394,-118.48698,P,1300,235,152,300,192
2020-01-26 17:38:31Z.612,0xa9a1ad,N72EX,34.26411,-118.48733,P,1300,235,153,300,192
2020-01-26 17:38:32Z.324,0xa9a1ad,N72EX,34.26454,-118.48817,P,1300,235,152,300,192
2020-01-26 17:38:33Z.276,0xa9a1ad,N72EX,34.26492,-118.48886,P,1300,235,152,301,256
2020-01-26 17:38:34Z.270,0xa9a1ad,N72EX,34.26529,-118.48961,P,1325,235,152,301,256
2020-01-26 17:38:34Z.280,0xa9a1ad,N72EX,34.26529,-118.48961,P,1325,235,152,301,256
2020-01-26 17:38:36Z.018,0xa9a1ad,,34.26598,-118.49104,P,1325,235,152,301,192
2020-01-26 17:38:36Z.756,0xa9a1ad,N72EX,34.26636,-118.49178,P,1350,235,151,300,128
2020-01-26 17:38:37Z.818,0xa9a1ad,N72EX,34.26636,-118.49178,P,1350,235,151,300,128
2020-01-26 17:38:38Z.234,0xa9a1ad,N72EX,34.26668,-118.49242,P,1325,235,151,300,128
2020-01-26 17:38:39Z.688,0xa9a1ad,N72EX,34.2672,-118.49356,P,1325,235,151,299,64
2020-01-26 17:38:40Z.712,0xa9a1ad,N72EX,34.26738,-118.49402,P,1325,235,152,299,64
2020-01-26 17:38:41Z.840,0xa9a1ad,,34.26773,-118.49467,P,1325,235,152,299,0
2020-01-26 17:38:42Z.156,0xa9a1ad,N72EX,34.26805,-118.4954,P,1325,235,152,299,64
2020-01-26 17:38:43Z.724,0xa9a1ad,N72EX,34.26845,-118.49625,P,1325,235,151,298,256
2020-01-26 17:38:43Z.878,0xa9a1ad,N72EX,34.26845,-118.49625,P,1325,235,152,299,128
2020-01-26 17:38:44Z.316,0xa9a1ad,N72EX,34.2686,-118.49657,P,1325,235,155,297,-128
2020-01-26 17:38:44Z.714,0xa9a1ad,N72EX,34.26874,-118.49691,P,1350,235,151,298,256
2020-01-26 17:38:45Z.552,0xa9a1ad,N72EX,34.26938,-118.49831,P,1350,235,150,298,384
2020-01-26 17:38:47Z.552,0xa9a1ad,N72EX,34.2698,-118.49939,P,1350,235,150,297,256
2020-01-26 17:38:48Z.666,0xa9a1ad,N72EX,34.27013,-118.50014,P,1375,235,151,297,256
2020-01-26 17:38:49Z.822,0xa9a1ad,N72EX,34.27039,-118.50083,P,1375,235,150,295,128
2020-01-26 17:38:50Z.898,0xa9a1ad,N72EX,34.27071,-118.50156,P,1400,235,150,296,192
2020-01-26 17:38:51Z.950,0xa9a1ad,N72EX,34.27112,-118.50279,P,1375,235,149,292,128
2020-01-26 17:38:51Z.978,0xa9a1ad,N72EX,34.27097,-118.50243,P,1375,235,150,296,192
2020-01-26 17:38:52Z.056,0xa9a1ad,N72EX,34.27126,-118.50324,P,1375,235,148,292,128
2020-01-26 17:38:54Z.302,0xa9a1ad,N72EX,34.27148,-118.50403,P,1375,235,148,290,192
2020-01-26 17:38:54Z.628,0xa9a1ad,N72EX,34.2718,-118.50532,P,1400,235,147,287,192
2020-01-26 17:38:57Z.060,0xa9a1ad,N72EX,34.27222,-118.50712,P,1400,235,145,284,256
2020-01-26 17:38:57Z.482,0xa9a1ad,N72EX,34.27226,-118.50751,P,1400,235,145,282,192
2020-01-26 17:38:58Z.198,0xa9a1ad,N72EX,34.27235,-118.50795,P,1400,235,145,281,256
2020-01-26 17:38:59Z.912,0xa9a1ad,N72EX,34.27255,-118.50946,P,1400,235,143,280,320
2020-01-26 17:39:00Z.798,0xa9a1ad,N72EX,34.27263,-118.51019,P,1400,235,141,277,512
2020-01-26 17:39:01Z.872,0xa9a1ad,N72EX,34.27269,-118.51089,P,1425,235,140,276,448
2020-01-26 17:39:03Z.354,0xa9a1ad,N72EX,34.27274,-118.51215,P,1450,235,139,273,512
2020-01-26 17:39:03Z.548,0xa9a1ad,N72EX,34.27274,-118.51215,P,1450,235,140,274,448
2020-01-26 17:39:05Z.436,0xa9a1ad,N72EX,34.27277,-118.51378,P,1450,235,138,270,256
2020-01-26 17:39:07Z.354,0xa9a1ad,N72EX,34.27277,-118.51485,P,1450,235,139,268,64
2020-01-26 17:39:07Z.904,0xa9a1ad,N72EX,34.27274,-118.51524,P,1450,235,139,268,64
2020-01-26 17:39:08Z.106,0xa9a1ad,N72EX,34.27272,-118.51563,P,1450,235,139,267,64
2020-01-26 17:39:10Z.012,0xa9a1ad,N72EX,34.27263,-118.51686,P,1475,235,138,265,0
2020-01-26 17:39:10Z.918,0xa9a1ad,N72EX,34.27255,-118.51799,P,1450,235,137,263,64
2020-01-26 17:39:11Z.990,0xa9a1ad,N72EX,34.27249,-118.51871,P,1450,235,137,263,64
2020-01-26 17:39:12Z.426,0xa9a1ad,N72EX,34.2724,-118.51917,P,1475,235,137,262,0
2020-01-26 17:39:14Z.492,0xa9a1ad,N72EX,34.27232,-118.51982,P,1450,235,136,261,-128
2020-01-26 17:39:15Z.764,0xa9a1ad,N72EX,34.27204,-118.52159,P,1450,235,135,259,-256
2020-01-26 17:39:15Z.786,0xa9a1ad,N72EX,34.27204,-118.52159,P,1450,235,135,259,-256
2020-01-26 17:39:15Z.862,0xa9a1ad,N72EX,34.27208,-118.52131,P,1450,235,136,259,-256
2020-01-26 17:39:17Z.266,0xa9a1ad,N72EX,34.2719,-118.52258,P,1450,235,134,258,-192
2020-01-26 17:39:19Z.460,0xa9a1ad,N72EX,34.27171,-118.52359,P,1450,235,133,257,-64
2020-01-26 17:39:19Z.556,0xa9a1ad,N72EX,34.27171,-118.52359,P,1450,235,133,257,-64
2020-01-26 17:39:21Z.828,0xa9a1ad,N72EX,34.27139,-118.52525,P,1450,235,131,255,0
2020-01-26 17:39:21Z.866,0xa9a1ad,N72EX,34.27121,-118.526,P,1450,235,131,255,-64
2020-01-26 17:39:22Z.514,0xa9a1ad,N72EX,34.27112,-118.52645,P,1450,235,131,255,-64
2020-01-26 17:39:22Z.568,0xa9a1ad,N72EX,34.27112,-118.52645,P,1450,235,131,255,-64
2020-01-26 17:39:24Z.252,0xa9a1ad,N72EX,34.27094,-118.52712,P,1450,235,130,254,-64
2020-01-26 17:39:25Z.342,0xa9a1ad,N72EX,34.27071,-118.52813,P,1450,235,130,253,-128
2020-01-26 17:39:25Z.826,0xa9a1ad,N72EX,34.27055,-118.52875,P,1450,235,130,253,-128
2020-01-26 17:39:26Z.328,0xa9a1ad,N72EX,34.27064,-118.52846,P,1450,235,134,258,-192
2020-01-26 17:39:27Z.758,0xa9a1ad,N72EX,34.27029,-118.52975,P,1450,235,128,252,-128
2020-01-26 17:39:28Z.152,0xa9a1ad,N72EX,34.2702,-118.53004,P,1450,235,128,252,-128
2020-01-26 17:39:28Z.888,0xa9a1ad,N72EX,34.27002,-118.53088,P,1450,235,127,252,-192
2020-01-26 17:39:29Z.820,0xa9a1ad,N72EX,34.27002,-118.53088,P,1450,235,127,252,-192
2020-01-26 17:39:30Z.850,0xa9a1ad,N72EX,34.26961,-118.53223,P,1450,235,127,251,-128
2020-01-26 17:39:31Z.922,0xa9a1ad,N72EX,34.26942,-118.5329,P,1450,235,127,251,-128
2020-01-26 17:39:31Z.952,0xa9a1ad,N72EX,34.26942,-118.5329,P,1450,235,127,252,-192
2020-01-26 17:39:32Z.906,0xa9a1ad,N72EX,34.2692,-118.53362,P,1450,235,127,248,-128
2020-01-26 17:39:35Z.258,0xa9a1ad,N72EX,34.26892,-118.53436,P,1425,235,127,247,-128
2020-01-26 17:39:36Z.124,0xa9a1ad,N72EX,34.26846,-118.53564,P,1425,235,127,248,-128
2020-01-26 17:39:37Z.488,0xa9a1ad,N72EX,34.26826,-118.53619,P,1425,235,126,246,-192
2020-01-26 17:39:37Z.502,0xa9a1ad,N72EX,34.26814,-118.53654,P,1425,235,126,245,-256
2020-01-26 17:39:37Z.630,0xa9a1ad,N72EX,34.26826,-118.53619,P,1425,235,126,246,-192
2020-01-26 17:39:38Z.708,0xa9a1ad,N72EX,34.26785,-118.53722,P,1400,235,127,244,-384
2020-01-26 17:39:40Z.438,0xa9a1ad,N72EX,34.26748,-118.53813,P,1400,235,127,243,-576
2020-01-26 17:39:41Z.902,0xa9a1ad,N72EX,34.26723,-118.53873,P,1400,235,127,243,-512
2020-01-26 17:39:42Z.838,0xa9a1ad,N72EX,34.26664,-118.53985,P,1375,235,127,239,-576
2020-01-26 17:39:42Z.870,0xa9a1ad,N72EX,34.26664,-118.53985,P,1375,235,127,241,-640
2020-01-26 17:39:43Z.768,0xa9a1ad,N72EX,34.26664,-118.53985,P,1375,235,127,239,-576
2020-01-26 17:39:45Z.500,0xa9a1ad,N72EX,34.26608,-118.54076,P,1350,235,127,236,-576
2020-01-26 17:39:45Z.852,0xa9a1ad,N72EX,34.26558,-118.54164,P,1350,235,127,232,-448
2020-01-26 17:39:46Z.862,0xa9a1ad,N72EX,34.26558,-118.54164,P,1350,235,127,232,-448
2020-01-26 17:39:47Z.480,0xa9a1ad,N72EX,34.26494,-118.54253,P,1325,235,127,230,-448
2020-01-26 17:39:48Z.066,0xa9a1ad,N72EX,34.26494,-118.54253,P,1325,235,127,230,-448
2020-01-26 17:39:48Z.432,0xa9a1ad,N72EX,34.2648,-118.5427,P,1325,235,127,230,-448
2020-01-26 17:39:49Z.806,0xa9a1ad,N72EX,34.26443,-118.54327,P,1325,235,127,229,-384
2020-01-26 17:39:50Z.390,0xa9a1ad,N72EX,34.26425,-118.54349,P,1325,235,127,229,-320
2020-01-26 17:39:51Z.982,0xa9a1ad,N72EX,34.26319,-118.54488,P,1325,235,125,227,0
2020-01-26 17:39:52Z.426,0xa9a1ad,N72EX,34.26305,-118.54511,P,1325,235,125,227,64
2020-01-26 17:39:52Z.436,0xa9a1ad,N72EX,34.26305,-118.54511,P,1325,235,125,227,64
2020-01-26 17:39:52Z.460,0xa9a1ad,N72EX,34.26338,-118.54467,P,1325,235,126,227,-64
2020-01-26 17:39:54Z.332,0xa9a1ad,N72EX,34.26226,-118.54608,P,1325,235,124,226,192
2020-01-26 17:39:54Z.798,0xa9a1ad,N72EX,34.26207,-118.54631,P,1325,235,123,225,192
2020-01-26 17:39:54Z.956,0xa9a1ad,N72EX,34.26207,-118.54631,P,1325,235,123,225,192
2020-01-26 17:39:57Z.458,0xa9a1ad,N72EX,34.26105,-118.54758,P,1325,235,121,225,192
2020-01-26 17:39:57Z.828,0xa9a1ad,N72EX,34.26105,-118.54758,P,1325,235,121,225,192
2020-01-26 17:39:57Z.902,0xa9a1ad,N72EX,34.26105,-118.54758,P,1325,235,121,225,192
2020-01-26 17:39:58Z.908,0xa9a1ad,N72EX,34.26049,-118.54826,P,1350,235,120,225,192
2020-01-26 17:40:01Z.556,0xa9a1ad,,34.25958,-118.54932,P,1350,235,120,224,64
2020-01-26 17:40:01Z.646,0xa9a1ad,N72EX,34.25935,-118.5496,P,1350,235,120,224,-64
2020-01-26 17:40:02Z.062,0xa9a1ad,N72EX,34.25958,-118.54932,P,1350,235,120,225,192
2020-01-26 17:40:03Z.696,0xa9a1ad,N72EX,34.259,-118.55003,P,1350,235,120,224,-128
2020-01-26 17:40:03Z.784,0xa9a1ad,N72EX,34.259,-118.55003,P,1350,235,120,224,-128
2020-01-26 17:40:03Z.946,0xa9a1ad,N72EX,34.2584,-118.55072,P,1325,235,122,223,-320
2020-01-26 17:40:04Z.810,0xa9a1ad,,34.25803,-118.55111,P,1325,235,121,223,-384
2020-01-26 17:40:04Z.986,0xa9a1ad,N72EX,34.25803,-118.55111,P,1325,235,122,222,-384
2020-01-26 17:40:06Z.710,0xa9a1ad,N72EX,34.25725,-118.55196,P,1325,235,122,220,-448
2020-01-26 17:40:07Z.490,0xa9a1ad,N72EX,34.25702,-118.55218,P,1325,235,123,220,-512
2020-01-26 17:40:07Z.690,0xa9a1ad,N72EX,34.25725,-118.55196,P,1325,235,122,220,-448
2020-01-26 17:40:07Z.726,0xa9a1ad,,34.25677,-118.55244,P,1300,235,123,220,-512
2020-01-26 17:40:08Z.330,0xa9a1ad,N72EX,34.25677,-118.55244,P,1300,235,124,220,-576
2020-01-26 17:40:09Z.700,0xa9a1ad,N72EX,34.25598,-118.55318,P,1300,235,123,220,-512
2020-01-26 17:40:10Z.162,0xa9a1ad,,34.2557,-118.55347,P,1300,235,124,218,-576
2020-01-26 17:40:10Z.176,0xa9a1ad,N72EX,34.25616,-118.55301,P,1300,235,124,219,-576
2020-01-26 17:40:11Z.192,0xa9a1ad,N72EX,34.2557,-118.55347,P,1300,235,124,219,-576
2020-01-26 17:40:12Z.984,0xa9a1ad,N72EX,34.25439,-118.55461,P,1250,235,125,216,-384
2020-01-26 17:40:13Z.906,0xa9a1ad,N72EX,34.25439,-118.55461,P,1250,235,125,216,-384
2020-01-26 17:40:14Z.008,0xa9a1ad,N72EX,34.25439,-118.55461,P,1250,235,125,216,-384
2020-01-26 17:40:14Z.050,0xa9a1ad,N72EX,34.25386,-118.55509,P,1250,235,125,215,-448
2020-01-26 17:40:15Z.574,0xa9a1ad,N72EX,34.25365,-118.5553,P,1250,235,124,215,-448
2020-01-26 17:40:16Z.092,0xa9a1ad,N72EX,34.2529,-118.55588,P,1250,235,125,214,-448
2020-01-26 17:40:17Z.160,0xa9a1ad,N72EX,34.25262,-118.5561,P,1250,235,125,213,-448
2020-01-26 17:40:17Z.602,0xa9a1ad,N72EX,34.2522,-118.55644,P,1225,235,125,213,-384
2020-01-26 17:40:17Z.640,0xa9a1ad,N72EX,34.25262,-118.5561,P,1250,235,125,213,-448
2020-01-26 17:40:17Z.780,0xa9a1ad,N72EX,34.25262,-118.5561,P,1250,235,125,213,-448
2020-01-26 17:40:18Z.654,0xa9a1ad,N72EX,34.25194,-118.55666,P,1225,235,125,213,-384
2020-01-26 17:40:20Z.012,0xa9a1ad,N72EX,34.25125,-118.55717,P,1200,235,125,212,-384
2020-01-26 17:40:20Z.680,0xa9a1ad,N72EX,34.25125,-118.55717,P,1200,235,125,212,-384
2020-01-26 17:40:21Z.632,0xa9a1ad,N72EX,34.2502,-118.55801,P,1200,235,125,213,-320
2020-01-26 17:40:22Z.604,0xa9a1ad,N72EX,34.24997,-118.55817,P,1200,235,125,213,-320
2020-01-26 17:40:23Z.106,0xa9a1ad,N72EX,34.24969,-118.5584,P,1200,235,125,213,-320
2020-01-26 17:40:23Z.766,0xa9a1ad,N72EX,34.24946,-118.55862,P,1175,235,126,213,-256
2020-01-26 17:40:24Z.188,0xa9a1ad,N72EX,34.24946,-118.55862,P,1175,235,126,213,-256
2020-01-26 17:40:25Z.268,0xa9a1ad,N72EX,34.24867,-118.55925,P,1175,235,125,213,-192
2020-01-26 17:40:26Z.312,0xa9a1ad,N72EX,34.2482,-118.55965,P,1175,235,125,214,-192
2020-01-26 17:40:26Z.472,0xa9a1ad,N72EX,34.24839,-118.55948,P,1175,235,125,213,-192
2020-01-26 17:40:26Z.960,0xa9a1ad,N72EX,34.24764,-118.5601,P,1175,235,125,213,-192
2020-01-26 17:40:27Z.354,0xa9a1ad,N72EX,34.24792,-118.55988,P,1175,235,125,214,-192
2020-01-26 17:40:28Z.074,0xa9a1ad,N72EX,34.24709,-118.56053,P,1150,235,125,214,-192
2020-01-26 17:40:29Z.064,0xa9a1ad,N72EX,34.24663,-118.56092,P,1150,235,125,214,-192
2020-01-26 17:40:29Z.146,0xa9a1ad,N72EX,34.24709,-118.56053,P,1150,235,125,214,-192
2020-01-26 17:40:29Z.792,0xa9a1ad,N72EX,34.24639,-118.56113,P,1150,235,125,214,-192
2020-01-26 17:40:30Z.968,0xa9a1ad,N72EX,34.24574,-118.56171,P,1150,235,126,215,0
2020-01-26 17:40:31Z.810,0xa9a1ad,N72EX,34.2453,-118.5621,P,1150,235,126,215,64
2020-01-26 17:40:32Z.366,0xa9a1ad,N72EX,34.2453,-118.5621,P,1150,235,126,215,0
2020-01-26 17:40:33Z.020,0xa9a1ad,N72EX,34.24476,-118.56251,P,1150,235,126,215,64
2020-01-26 17:40:33Z.464,0xa9a1ad,N72EX,34.24457,-118.56268,P,1150,5122,126,215,64
2020-01-26 17:40:34Z.942,0xa9a1ad,N72EX,34.24429,-118.56297,P,1175,235,127,216,64
2020-01-26 17:40:35Z.010,0xa9a1ad,N72EX,34.24383,-118.56337,P,1150,235,127,216,64
2020-01-26 17:40:35Z.428,0xa9a1ad,N72EX,34.24383,-118.56337,P,1150,235,127,216,64
2020-01-26 17:40:37Z.432,0xa9a1ad,N72EX,34.24292,-118.56417,P,1175,235,128,216,128
2020-01-26 17:40:37Z.882,0xa9a1ad,N72EX,34.24292,-118.56417,P,1175,235,128,216,128
2020-01-26 17:40:37Z.966,0xa9a1ad,N72EX,34.24238,-118.56468,P,1175,235,127,217,192
2020-01-26 17:40:38Z.140,0xa9a1ad,N72EX,34.24238,-118.56468,P,1175,235,127,217,192
2020-01-26 17:40:38Z.564,0xa9a1ad,N72EX,34.24214,-118.5649,P,1175,235,127,217,192
2020-01-26 17:40:39Z.604,0xa9a1ad,N72EX,34.24159,-118.56541,P,1175,235,127,217,192
2020-01-26 17:40:40Z.134,0xa9a1ad,N72EX,34.24136,-118.5656,P,1175,235,127,217,256
2020-01-26 17:40:40Z.784,0xa9a1ad,N72EX,34.24109,-118.5658,P,1175,235,127,217,256
2020-01-26 17:40:42Z.292,0xa9a1ad,N72EX,34.24036,-118.56653,P,1175,1200,128,217,128
2020-01-26 17:40:43Z.136,0xa9a1ad,N72EX,34.23991,-118.56691,P,1175,1200,128,217,64
2020-01-26 17:40:43Z.236,0xa9a1ad,N72EX,34.23991,-118.56691,P,1175,1200,128,217,64
2020-01-26 17:40:43Z.628,0xa9a1ad,N72EX,34.23973,-118.56709,P,1175,235,128,217,128
2020-01-26 17:40:44Z.122,0xa9a1ad,N72EX,34.23945,-118.56731,P,1200,1200,129,217,64
2020-01-26 17:40:44Z.650,0xa9a1ad,N72EX,34.23973,-118.56709,P,1175,1200,128,217,64
2020-01-26 17:40:46Z.118,0xa9a1ad,N72EX,34.2388,-118.568,P,1200,1200,129,217,-64
2020-01-26 17:40:46Z.640,0xa9a1ad,N72EX,34.23852,-118.56823,P,1200,1200,129,218,0
2020-01-26 17:40:47Z.094,0xa9a1ad,N72EX,34.23805,-118.56869,P,1175,1200,130,217,0
2020-01-26 17:40:47Z.126,0xa9a1ad,N72EX,34.23805,-118.56869,P,1175,1200,130,217,0
2020-01-26 17:40:47Z.134,0xa9a1ad,N72EX,34.23833,-118.56841,P,1175,235,128,217,128
2020-01-26 17:40:48Z.538,0xa9a1ad,N72EX,34.23735,-118.56932,P,1175,1200,130,217,-64
2020-01-26 17:40:49Z.104,0xa9a1ad,N72EX,34.23764,-118.56903,P,1200,1200,130,217,-64
2020-01-26 17:40:49Z.666,0xa9a1ad,N72EX,34.23683,-118.56983,P,1175,1200,131,218,0
2020-01-26 17:40:50Z.110,0xa9a1ad,N72EX,34.23711,-118.56956,P,1175,1200,131,218,-64
2020-01-26 17:40:50Z.710,0xa9a1ad,N72EX,34.23647,-118.57017,P,1175,1200,131,218,64
2020-01-26 17:40:51Z.458,0xa9a1ad,N72EX,34.23596,-118.57062,P,1175,1200,131,218,64
2020-01-26 17:40:52Z.534,0xa9a1ad,N72EX,34.23573,-118.57086,P,1175,1200,131,218,64
2020-01-26 17:40:53Z.214,0xa9a1ad,N72EX,34.23517,-118.57138,P,1175,1200,131,218,128
2020-01-26 17:40:53Z.630,0xa9a1ad,N72EX,34.23517,-118.57138,P,1175,1200,131,218,128
2020-01-26 17:40:53Z.702,0xa9a1ad,N72EX,34.23491,-118.57162,P,1200,1200,131,218,128
2020-01-26 17:40:54Z.784,0xa9a1ad,N72EX,34.23438,-118.57212,P,1200,1200,131,218,0
2020-01-26 17:40:54Z.874,0xa9a1ad,N72EX,34.23438,-118.57212,P,1200,1200,131,218,64
2020-01-26 17:40:56Z.314,0xa9a1ad,N72EX,34.23386,-118.57264,P,1175,1200,132,218,-128
2020-01-26 17:40:56Z.990,0xa9a1ad,,34.2334,-118.57308,P,1200,1200,133,218,-128
2020-01-26 17:40:57Z.040,0xa9a1ad,N72EX,34.23386,-118.57264,P,1175,1200,132,218,-128
2020-01-26 17:40:57Z.840,0xa9a1ad,N72EX,34.23289,-118.57359,P,1200,1200,133,218,-128
2020-01-26 17:40:57Z.932,0xa9a1ad,N72EX,34.23308,-118.57336,P,1200,1200,133,218,-192
2020-01-26 17:40:58Z.776,0xa9a1ad,N72EX,34.23271,-118.57376,P,1200,1200,133,218,-128
2020-01-26 17:40:58Z.806,0xa9a1ad,N72EX,34.23271,-118.57376,P,1200,1200,133,218,-128
2020-01-26 17:40:59Z.176,0xa9a1ad,N72EX,34.23253,-118.57393,P,1200,1200,133,218,-128
2020-01-26 17:41:01Z.262,0xa9a1ad,N72EX,34.23177,-118.57464,P,1175,1200,133,218,-192
2020-01-26 17:41:01Z.746,0xa9a1ad,N72EX,34.23149,-118.57487,P,1200,1200,134,216,-192
2020-01-26 17:41:01Z.758,0xa9a1ad,N72EX,34.2312,-118.5751,P,1175,1200,134,216,-192
2020-01-26 17:41:01Z.946,0xa9a1ad,N72EX,34.2312,-118.5751,P,1175,1200,134,216,-192
2020-01-26 17:41:02Z.308,0xa9a1ad,N72EX,34.2307,-118.57549,P,1175,1200,135,213,-256
2020-01-26 17:41:02Z.310,0xa9a1ad,N72EX,34.2307,-118.57549,P,1175,1200,135,214,-192
2020-01-26 17:41:03Z.400,0xa9a1ad,N72EX,34.23009,-118.57596,P,1175,1200,135,212,-384
2020-01-26 17:41:03Z.838,0xa9a1ad,N72EX,34.22983,-118.57611,P,1175,1200,135,210,-384
2020-01-26 17:41:03Z.954,0xa9a1ad,N72EX,34.23009,-118.57596,P,1175,1200,135,212,-384
2020-01-26 17:41:04Z.808,0xa9a1ad,N72EX,34.2293,-118.57647,P,1175,1200,136,209,-320
2020-01-26 17:41:05Z.888,0xa9a1ad,N72EX,34.2293,-118.57647,P,1175,1200,136,209,-320
2020-01-26 17:41:05Z.984,0xa9a1ad,N72EX,34.2293,-118.57647,P,1175,1200,135,213,-256
2020-01-26 17:41:06Z.934,0xa9a1ad,N72EX,34.2285,-118.57695,P,1150,1200,135,205,-128
2020-01-26 17:41:07Z.310,0xa9a1ad,N72EX,34.2285,-118.57695,P,1150,1200,135,205,-128
2020-01-26 17:41:08Z.390,0xa9a1ad,N72EX,34.22781,-118.57727,P,1150,1200,135,203,0
2020-01-26 17:41:08Z.708,0xa9a1ad,N72EX,34.22739,-118.5775,P,1150,1200,135,201,64
2020-01-26 17:41:08Z.708,0xa9a1ad,N72EX,34.22708,-118.57763,P,1150,1200,135,201,64
2020-01-26 17:41:10Z.122,0xa9a1ad,,34.22685,-118.57774,P,1150,1200,135,200,64
2020-01-26 17:41:10Z.166,0xa9a1ad,N72EX,34.22618,-118.57802,P,1150,1200,135,198,64
2020-01-26 17:41:10Z.222,0xa9a1ad,N72EX,34.22618,-118.57802,P,1150,1200,135,198,64
2020-01-26 17:41:10Z.250,0xa9a1ad,N72EX,34.22618,-118.57802,P,1150,1200,135,200,64
2020-01-26 17:41:10Z.300,0xa9a1ad,N72EX,34.22618,-118.57802,P,1150,1200,135,204,-64
2020-01-26 17:41:11Z.604,0xa9a1ad,N72EX,34.22535,-118.5783,P,1150,1200,134,196,64
2020-01-26 17:41:12Z.150,0xa9a1ad,N72EX,34.22558,-118.57819,P,1150,1200,135,197,64
2020-01-26 17:41:12Z.634,0xa9a1ad,N72EX,34.22474,-118.57848,P,1150,1200,135,197,64
2020-01-26 17:41:13Z.170,0xa9a1ad,N72EX,34.22437,-118.57858,P,1150,1200,134,193,0
2020-01-26 17:41:13Z.194,0xa9a1ad,N72EX,34.22437,-118.57858,P,1150,1200,134,195,64
2020-01-26 17:41:13Z.652,0xa9a1ad,N72EX,34.22414,-118.57864,P,1150,1200,134,192,-64
2020-01-26 17:41:14Z.600,0xa9a1ad,N72EX,34.22383,-118.57869,P,1150,1200,134,192,-64
2020-01-26 17:41:15Z.758,0xa9a1ad,N72EX,34.22288,-118.57887,P,1150,1200,135,190,-192
2020-01-26 17:41:16Z.074,0xa9a1ad,N72EX,34.22319,-118.5788,P,1150,1200,135,190,-192
2020-01-26 17:41:16Z.122,0xa9a1ad,N72EX,34.22319,-118.5788,P,1150,1200,134,190,-128
2020-01-26 17:41:17Z.068,0xa9a1ad,N72EX,34.2226,-118.57892,P,1150,1200,135,188,-256
2020-01-26 17:41:17Z.576,0xa9a1ad,N72EX,34.22227,-118.57899,P,1150,1200,135,188,-256
2020-01-26 17:41:17Z.674,0xa9a1ad,N72EX,34.22159,-118.57903,P,1150,1200,136,185,-384
2020-01-26 17:41:17Z.714,0xa9a1ad,N72EX,34.22195,-118.57903,P,1150,1200,136,187,-320
2020-01-26 17:41:18Z.670,0xa9a1ad,N72EX,34.22129,-118.57904,P,1125,1200,136,187,-320
2020-01-26 17:41:19Z.212,0xa9a1ad,N72EX,34.22095,-118.57909,P,1125,1200,136,183,-256
2020-01-26 17:41:19Z.756,0xa9a1ad,N72EX,34.22064,-118.5791,P,1150,1200,136,187,-320
2020-01-26 17:41:20Z.162,0xa9a1ad,N72EX,34.21999,-118.57916,P,1125,1200,136,182,-64
2020-01-26 17:41:20Z.180,0xa9a1ad,N72EX,34.22064,-118.5791,P,1150,1200,136,183,-256
2020-01-26 17:41:20Z.198,0xa9a1ad,N72EX,34.21999,-118.57916,P,1125,1200,136,182,-64
2020-01-26 17:41:21Z.236,0xa9a1ad,N72EX,34.21999,-118.57916,P,1125,1200,136,182,-64
2020-01-26 17:41:21Z.782,0xa9a1ad,N72EX,34.21897,-118.57916,P,1125,1200,137,181,-128
2020-01-26 17:41:22Z.368,0xa9a1ad,N72EX,34.21866,-118.57919,P,1125,1200,137,181,-128
2020-01-26 17:41:22Z.730,0xa9a1ad,N72EX,34.21838,-118.57919,P,1125,1200,137,181,-128
2020-01-26 17:41:22Z.746,0xa9a1ad,N72EX,34.21866,-118.57919,P,1125,1200,137,181,-128
2020-01-26 17:41:23Z.264,0xa9a1ad,N72EX,34.21808,-118.57922,P,1125,1200,137,181,-192
2020-01-26 17:41:24Z.182,0xa9a1ad,N72EX,34.21808,-118.57922,P,1125,1200,137,181,-192
2020-01-26 17:41:24Z.702,0xa9a1ad,N72EX,34.21779,-118.57919,P,1100,1200,137,181,-256
2020-01-26 17:41:25Z.232,0xa9a1ad,N72EX,34.21678,-118.57925,P,1125,1200,138,181,-192
2020-01-26 17:41:25Z.262,0xa9a1ad,N72EX,34.21678,-118.57925,P,1125,1200,137,181,-256
2020-01-26 17:41:25Z.306,0xa9a1ad,N72EX,34.21678,-118.57925,P,1125,1200,138,181,-192
2020-01-26 17:41:26Z.270,0xa9a1ad,N72EX,34.21678,-118.57925,P,1125,1200,138,181,-256
2020-01-26 17:41:26Z.276,0xa9a1ad,N72EX,34.21614,-118.57925,P,1125,1200,138,181,-192
2020-01-26 17:41:27Z.820,0xa9a1ad,N72EX,34.21515,-118.57927,P,1125,1200,138,181,-192
2020-01-26 17:41:28Z.298,0xa9a1ad,N72EX,34.21515,-118.57927,P,1125,1200,138,181,-192
2020-01-26 17:41:28Z.768,0xa9a1ad,N72EX,34.2145,-118.57927,P,1100,1200,139,180,-128
2020-01-26 17:41:28Z.790,0xa9a1ad,N72EX,34.2145,-118.57927,P,1100,1200,139,180,-128
2020-01-26 17:41:29Z.286,0xa9a1ad,N72EX,34.21486,-118.57931,P,1125,1200,139,181,-192
2020-01-26 17:41:29Z.832,0xa9a1ad,N72EX,34.21426,-118.57933,P,1100,1200,139,180,-192
2020-01-26 17:41:30Z.238,0xa9a1ad,N72EX,34.21362,-118.57933,P,1100,1200,139,180,-256
2020-01-26 17:41:31Z.188,0xa9a1ad,N72EX,34.21362,-118.57933,P,1100,1200,138,181,-192
2020-01-26 17:41:31Z.238,0xa9a1ad,N72EX,34.21289,-118.57931,P,1100,1200,140,180,-320
2020-01-26 17:41:31Z.348,0xa9a1ad,N72EX,34.21326,-118.57931,P,1100,1200,139,180,-384
2020-01-26 17:41:31Z.698,0xa9a1ad,N72EX,34.21262,-118.57931,P,1100,1200,140,180,-320
2020-01-26 17:41:32Z.218,0xa9a1ad,N72EX,34.21231,-118.57927,P,1100,1200,140,180,-320
2020-01-26 17:41:33Z.886,0xa9a1ad,N72EX,34.2112,-118.57931,P,1100,1200,140,179,-192
2020-01-26 17:41:34Z.248,0xa9a1ad,N72EX,34.21097,-118.57925,P,1100,1200,140,178,-128
2020-01-26 17:41:34Z.292,0xa9a1ad,N72EX,34.21161,-118.57931,P,1100,1200,140,179,-256
2020-01-26 17:41:35Z.704,0xa9a1ad,N72EX,34.21001,-118.57925,P,1075,1200,140,178,-128
2020-01-26 17:41:36Z.160,0xa9a1ad,N72EX,34.21035,-118.57927,P,1075,1200,140,178,-128
2020-01-26 17:41:36Z.198,0xa9a1ad,N72EX,34.21001,-118.57925,P,1075,1200,140,178,-128
2020-01-26 17:41:36Z.230,0xa9a1ad,N72EX,34.21001,-118.57925,P,1075,1200,140,178,-128
2020-01-26 17:41:36Z.872,0xa9a1ad,N72EX,34.20929,-118.57922,P,1075,1200,140,178,-64
2020-01-26 17:41:37Z.810,0xa9a1ad,N72EX,34.20929,-118.57922,P,1075,1200,140,178,-64
2020-01-26 17:41:37Z.908,0xa9a1ad,N72EX,34.20854,-118.57922,P,1075,1200,140,178,-128
2020-01-26 17:41:37Z.908,0xa9a1ad,N72EX,34.20854,-118.57922,P,1075,1200,140,178,-128
2020-01-26 17:41:39Z.514,0xa9a1ad,N72EX,34.20789,-118.57922,P,1075,1200,140,178,-64
2020-01-26 17:41:39Z.614,0xa9a1ad,N72EX,34.20822,-118.57919,P,1075,1200,140,178,-64
2020-01-26 17:41:39Z.986,0xa9a1ad,N72EX,34.20724,-118.57916,P,1075,1200,140,178,-64
2020-01-26 17:41:40Z.462,0xa9a1ad,N72EX,34.20724,-118.57916,P,1075,1200,140,178,-64
2020-01-26 17:41:40Z.902,0xa9a1ad,N72EX,34.20724,-118.57916,P,1075,1200,140,178,-64
2020-01-26 17:41:40Z.972,0xa9a1ad,N72EX,34.20658,-118.57916,P,1075,1200,140,179,0
2020-01-26 17:41:41Z.144,0xa9a1ad,N72EX,34.20682,-118.57916,P,1075,1200,140,179,0
2020-01-26 17:41:42Z.178,0xa9a1ad,N72EX,34.20584,-118.57916,P,1075,1200,139,179,128
2020-01-26 17:41:43Z.218,0xa9a1ad,N72EX,34.20511,-118.57919,P,1075,1200,139,180,192
2020-01-26 17:41:43Z.244,0xa9a1ad,N72EX,34.20542,-118.57916,P,1075,1200,139,179,192
2020-01-26 17:41:43Z.420,0xa9a1ad,N72EX,34.20511,-118.57919,P,1075,1200,140,179,0
2020-01-26 17:41:43Z.742,0xa9a1ad,N72EX,34.20483,-118.57919,P,1075,1200,138,180,192
2020-01-26 17:41:44Z.196,0xa9a1ad,N72EX,34.20454,-118.57922,P,1075,1200,138,181,192
2020-01-26 17:41:44Z.342,0xa9a1ad,N72EX,34.20454,-118.57922,P,1075,1200,138,181,192
2020-01-26 17:41:44Z.692,0xa9a1ad,N72EX,34.20419,-118.57919,P,1075,1200,138,181,192
2020-01-26 17:41:45Z.732,0xa9a1ad,N72EX,34.20351,-118.57927,P,1075,1200,139,180,192
2020-01-26 17:41:45Z.896,0xa9a1ad,N72EX,34.20383,-118.57925,P,1075,1200,138,182,192
2020-01-26 17:41:46Z.220,0xa9a1ad,N72EX,34.20319,-118.57925,P,1075,1200,137,183,128
2020-01-26 17:41:46Z.382,0xa9a1ad,N72EX,34.20319,-118.57925,P,1075,1200,137,183,128
2020-01-26 17:41:47Z.208,0xa9a1ad,N72EX,34.20255,-118.57936,P,1075,1200,137,185,64
2020-01-26 17:41:47Z.766,0xa9a1ad,N72EX,34.20226,-118.57939,P,1075,1200,136,185,64
2020-01-26 17:41:48Z.866,0xa9a1ad,N72EX,34.2016,-118.5795,P,1100,1200,137,187,128
2020-01-26 17:41:49Z.292,0xa9a1ad,N72EX,34.20131,-118.57953,P,1100,1200,137,187,128
2020-01-26 17:41:50Z.282,0xa9a1ad,N72EX,34.20067,-118.57964,P,1100,1200,137,188,0
2020-01-26 17:41:50Z.844,0xa9a1ad,N72EX,34.20035,-118.57973,P,1100,1200,136,186,64
2020-01-26 17:41:51Z.392,0xa9a1ad,N72EX,34.20067,-118.57964,P,1100,1200,137,187,128
2020-01-26 17:41:51Z.818,0xa9a1ad,N72EX,34.19966,-118.57993,P,1100,1200,137,190,-192
2020-01-26 17:41:52Z.626,0xa9a1ad,N72EX,34.19932,-118.57996,P,1100,1200,137,191,-320
2020-01-26 17:41:52Z.854,0xa9a1ad,N72EX,34.19902,-118.58009,P,1075,1200,138,192,-384
2020-01-26 17:41:53Z.868,0xa9a1ad,N72EX,34.19902,-118.58009,P,1075,1200,138,192,-384
2020-01-26 17:41:53Z.904,0xa9a1ad,N72EX,34.19843,-118.58026,P,1075,1200,138,193,-384
2020-01-26 17:41:54Z.490,0xa9a1ad,N72EX,34.19811,-118.58036,P,1075,1200,138,181,192
2020-01-26 17:41:56Z.270,0xa9a1ad,N72EX,34.19756,-118.58054,P,1050,1200,139,195,-384
2020-01-26 17:41:56Z.288,0xa9a1ad,N72EX,34.19691,-118.58076,P,1050,1200,138,195,-320
2020-01-26 17:41:56Z.430,0xa9a1ad,N72EX,34.19723,-118.58064,P,1050,1200,138,195,-384
2020-01-26 17:41:56Z.770,0xa9a1ad,N72EX,34.19691,-118.58076,P,1050,1200,138,196,-256
2020-01-26 17:41:56Z.790,0xa9a1ad,N72EX,34.19723,-118.58064,P,1050,1200,138,195,-384
2020-01-26 17:41:58Z.322,0xa9a1ad,N72EX,34.19564,-118.58128,P,1050,1200,139,198,-192
2020-01-26 17:41:58Z.764,0xa9a1ad,N72EX,34.19541,-118.58139,P,1050,1200,139,198,-192
2020-01-26 17:41:58Z.864,0xa9a1ad,N72EX,34.19564,-118.58128,P,1050,1200,138,197,-192
2020-01-26 17:41:59Z.336,0xa9a1ad,N72EX,34.19541,-118.58139,P,1050,1200,138,197,-192
2020-01-26 17:41:59Z.794,0xa9a1ad,N72EX,34.19508,-118.58149,P,1050,1200,138,199,-128
2020-01-26 17:42:00Z.560,0xa9a1ad,N72EX,34.19449,-118.58177,P,1050,1200,139,199,0
2020-01-26 17:42:00Z.790,0xa9a1ad,N72EX,34.1942,-118.58191,P,1050,1200,139,200,192
2020-01-26 17:42:01Z.434,0xa9a1ad,N72EX,34.1942,-118.58191,P,1050,1200,138,199,-128
2020-01-26 17:42:02Z.328,0xa9a1ad,N72EX,34.19383,-118.58208,P,1050,1200,139,200,192
2020-01-26 17:42:03Z.858,0xa9a1ad,N72EX,34.19302,-118.58244,P,1050,1200,140,201,320
2020-01-26 17:42:04Z.148,0xa9a1ad,N72EX,34.19276,-118.5826,P,1050,1200,140,202,320
2020-01-26 17:42:04Z.266,0xa9a1ad,N72EX,34.19276,-118.5826,P,1050,1200,140,201,320
2020-01-26 17:42:04Z.302,0xa9a1ad,N72EX,34.19215,-118.58293,P,1050,1200,140,202,320
2020-01-26 17:42:05Z.224,0xa9a1ad,N72EX,34.19215,-118.58293,P,1050,1200,140,202,320
2020-01-26 17:42:05Z.226,0xa9a1ad,N72EX,34.19183,-118.58306,P,1050,1200,141,202,320
2020-01-26 17:42:05Z.572,0xa9a1ad,N72EX,34.1916,-118.58323,P,1075,1200,140,203,320
2020-01-26 17:42:06Z.036,0xa9a1ad,N72EX,34.19101,-118.58351,P,1075,1200,140,203,320
2020-01-26 17:42:06Z.914,0xa9a1ad,N72EX,34.19051,-118.58379,P,1075,1200,141,204,384
2020-01-26 17:42:07Z.988,0xa9a1ad,N72EX,34.18987,-118.58414,P,1075,1200,141,204,384
2020-01-26 17:42:08Z.434,0xa9a1ad,N72EX,34.18987,-118.58414,P,1075,1200,141,204,384
2020-01-26 17:42:09Z.088,0xa9a1ad,N72EX,34.18922,-118.58452,P,1100,1200,141,205,384
2020-01-26 17:42:10Z.612,0xa9a1ad,N72EX,34.18895,-118.58463,P,1100,1200,141,205,384
2020-01-26 17:42:11Z.106,0xa9a1ad,N72EX,34.18863,-118.58485,P,1100,1200,141,205,384
2020-01-26 17:42:11Z.672,0xa9a1ad,N72EX,34.18826,-118.58508,P,1100,1200,141,204,384
2020-01-26 17:42:11Z.720,0xa9a1ad,N72EX,34.18826,-118.58508,P,1100,1200,141,205,384
2020-01-26 17:42:11Z.782,0xa9a1ad,N72EX,34.18796,-118.58522,P,1100,1200,141,205,384
2020-01-26 17:42:12Z.128,0xa9a1ad,N72EX,34.18796,-118.58522,P,1100,1200,142,205,384
2020-01-26 17:42:13Z.216,0xa9a1ad,N72EX,34.1868,-118.58597,P,1125,1200,143,206,384
2020-01-26 17:42:13Z.758,0xa9a1ad,N72EX,34.18703,-118.5858,P,1125,1200,143,206,384
2020-01-26 17:42:14Z.694,0xa9a1ad,N72EX,34.1862,-118.58631,P,1125,1200,143,207,320
2020-01-26 17:42:14Z.738,0xa9a1ad,N72EX,34.1862,-118.58631,P,1125,1200,143,207,320
2020-01-26 17:42:15Z.576,0xa9a1ad,N72EX,34.18536,-118.58688,P,1125,1200,143,206,320
2020-01-26 17:42:16Z.140,0xa9a1ad,N72EX,34.18503,-118.58705,P,1125,1200,143,208,384
2020-01-26 17:42:17Z.146,0xa9a1ad,N72EX,34.18503,-118.58705,P,1125,1200,143,208,384
2020-01-26 17:42:18Z.062,0xa9a1ad,N72EX,34.18446,-118.58743,P,1150,1200,144,209,384
2020-01-26 17:42:18Z.926,0xa9a1ad,N72EX,34.18369,-118.588,P,1150,1200,144,209,384
2020-01-26 17:42:19Z.362,0xa9a1ad,N72EX,34.18317,-118.58837,P,1150,1200,144,210,384
2020-01-26 17:42:19Z.428,0xa9a1ad,N72EX,34.18317,-118.58837,P,1150,1200,143,210,384
2020-01-26 17:42:20Z.080,0xa9a1ad,N72EX,34.18317,-118.58837,P,1150,1200,144,209,320
2020-01-26 17:42:20Z.806,0xa9a1ad,N72EX,34.18286,-118.58862,P,1150,1200,144,211,384
2020-01-26 17:42:20Z.918,0xa9a1ad,N72EX,34.18224,-118.58906,P,1175,1200,145,212,384
2020-01-26 17:42:21Z.528,0xa9a1ad,N72EX,34.18224,-118.58906,P,1175,1200,144,211,384
2020-01-26 17:42:22Z.466,0xa9a1ad,N72EX,34.1814,-118.58973,P,1175,1200,144,213,384
2020-01-26 17:42:23Z.060,0xa9a1ad,N72EX,34.18163,-118.58956,P,1175,1200,144,212,384
2020-01-26 17:42:23Z.940,0xa9a1ad,N72EX,34.18056,-118.59043,P,1200,1200,144,212,384
2020-01-26 17:42:24Z.012,0xa9a1ad,N72EX,34.18108,-118.59001,P,1175,1200,145,213,320
2020-01-26 17:42:24Z.534,0xa9a1ad,N72EX,34.1803,-118.59063,P,1175,1200,145,214,128
2020-01-26 17:42:25Z.930,0xa9a1ad,N72EX,34.17982,-118.59106,P,1175,1200,145,215,-64
2020-01-26 17:42:25Z.966,0xa9a1ad,N72EX,34.17949,-118.5914,P,1200,1200,145,215,-64
2020-01-26 17:42:26Z.090,0xa9a1ad,N72EX,34.17949,-118.5914,P,1200,1200,145,216,-128
2020-01-26 17:42:27Z.090,0xa9a1ad,N72EX,34.17888,-118.59192,P,1200,1200,145,217,-128
2020-01-26 17:42:28Z.048,0xa9a1ad,N72EX,34.17838,-118.59242,P,1175,1200,145,218,-64
2020-01-26 17:42:28Z.074,0xa9a1ad,N72EX,34.17838,-118.59242,P,1175,1200,145,218,-64
2020-01-26 17:42:28Z.202,0xa9a1ad,N72EX,34.17838,-118.59242,P,1175,1200,145,214,128
2020-01-26 17:42:30Z.032,0xa9a1ad,N72EX,34.17764,-118.59315,P,1175,1200,145,220,-64
2020-01-26 17:42:30Z.428,0xa9a1ad,N72EX,34.17764,-118.59315,P,1175,1200,145,220,-64
2020-01-26 17:42:31Z.056,0xa9a1ad,N72EX,34.17686,-118.59405,P,1175,1200,144,222,0
2020-01-26 17:42:31Z.448,0xa9a1ad,N72EX,34.17668,-118.59428,P,1175,1200,144,222,64
2020-01-26 17:42:32Z.148,0xa9a1ad,N72EX,34.17686,-118.59405,P,1175,1200,145,221,0
2020-01-26 17:42:32Z.510,0xa9a1ad,N72EX,34.17668,-118.59428,P,1175,1200,144,222,64
2020-01-26 17:42:33Z.460,0xa9a1ad,N72EX,34.17572,-118.5954,P,1200,1200,145,223,64
2020-01-26 17:42:34Z.344,0xa9a1ad,N72EX,34.17535,-118.59584,P,1200,1200,143,226,64
2020-01-26 17:42:34Z.704,0xa9a1ad,N72EX,34.17517,-118.59612,P,1175,1200,143,226,64
2020-01-26 17:42:34Z.802,0xa9a1ad,N72EX,34.17535,-118.59584,P,1200,1200,143,226,64
2020-01-26 17:42:35Z.702,0xa9a1ad,N72EX,34.17517,-118.59612,P,1175,1200,143,226,0
2020-01-26 17:42:35Z.748,0xa9a1ad,N72EX,34.17498,-118.59638,P,1175,1200,144,224,192
2020-01-26 17:42:37Z.064,0xa9a1ad,N72EX,34.17416,-118.59758,P,1200,1200,143,232,64
2020-01-26 17:42:37Z.558,0xa9a1ad,N72EX,34.17395,-118.59793,P,1175,1200,143,232,64
2020-01-26 17:42:38Z.384,0xa9a1ad,N72EX,34.17367,-118.59844,P,1200,1200,142,232,64
2020-01-26 17:42:39Z.492,0xa9a1ad,N72EX,34.17329,-118.59915,P,1200,1200,141,237,256
2020-01-26 17:42:40Z.520,0xa9a1ad,N72EX,34.17297,-118.59982,P,1200,1200,140,239,320
2020-01-26 17:42:40Z.782,0xa9a1ad,N72EX,34.17297,-118.59982,P,1200,1200,140,239,320
2020-01-26 17:42:40Z.922,0xa9a1ad,N72EX,34.17311,-118.59947,P,1200,1200,140,238,320
2020-01-26 17:42:41Z.664,0xa9a1ad,N72EX,34.1726,-118.60062,P,1200,1200,140,239,320
2020-01-26 17:42:43Z.986,0xa9a1ad,N72EX,34.17206,-118.60195,P,1200,1200,140,244,-128
2020-01-26 17:42:44Z.428,0xa9a1ad,N72EX,34.17206,-118.60195,P,1200,1200,140,244,-128
2020-01-26 17:42:44Z.762,0xa9a1ad,N72EX,34.17172,-118.60284,P,1200,1200,140,244,-128
2020-01-26 17:42:44Z.804,0xa9a1ad,N72EX,34.17181,-118.60256,P,1200,1200,140,244,-192
2020-01-26 17:42:46Z.452,0xa9a1ad,N72EX,34.1713,-118.60405,P,1200,1200,142,245,-128
2020-01-26 17:42:46Z.566,0xa9a1ad,N72EX,34.1716,-118.60319,P,1200,1200,140,242,128
2020-01-26 17:42:46Z.954,0xa9a1ad,N72EX,34.17114,-118.60442,P,1200,1200,144,224,192
2020-01-26 17:42:47Z.328,0xa9a1ad,N72EX,34.17102,-118.60474,P,1200,1200,141,245,-192
2020-01-26 17:42:47Z.358,0xa9a1ad,N72EX,34.1713,-118.60405,P,1200,1200,142,245,-128
2020-01-26 17:42:47Z.770,0xa9a1ad,N72EX,34.17114,-118.60442,P,1200,1200,142,245,-128
2020-01-26 17:42:48Z.324,0xa9a1ad,N72EX,34.17102,-118.60474,P,1200,1200,142,245,-64
2020-01-26 17:42:49Z.008,0xa9a1ad,N72EX,34.17091,-118.60509,P,1200,1200,140,244,-128
2020-01-26 17:42:50Z.388,0xa9a1ad,N72EX,34.17051,-118.60622,P,1200,1200,141,246,128
2020-01-26 17:42:50Z.456,0xa9a1ad,N72EX,34.17023,-118.60699,P,1200,1200,141,246,128
2020-01-26 17:42:51Z.072,0xa9a1ad,N72EX,34.17032,-118.60663,P,1200,1200,141,246,128
2020-01-26 17:42:51Z.608,0xa9a1ad,N72EX,34.17009,-118.60737,P,1200,1200,141,246,128
2020-01-26 17:42:52Z.672,0xa9a1ad,N72EX,34.16976,-118.60823,P,1200,1200,141,246,64
2020-01-26 17:42:53Z.198,0xa9a1ad,N72EX,34.16976,-118.60823,P,1200,1200,141,246,128
2020-01-26 17:42:53Z.634,0xa9a1ad,N72EX,34.16936,-118.60935,P,1200,1200,141,246,64
2020-01-26 17:42:54Z.004,0xa9a1ad,N72EX,34.16954,-118.6089,P,1200,1200,141,246,64
2020-01-26 17:42:54Z.588,0xa9a1ad,N72EX,34.16916,-118.61,P,1200,1200,142,246,0
2020-01-26 17:42:55Z.536,0xa9a1ad,N72EX,34.1689,-118.61064,P,1200,1200,142,247,0
2020-01-26 17:42:55Z.598,0xa9a1ad,N72EX,34.1689,-118.61064,P,1200,1200,142,247,0
2020-01-26 17:42:55Z.600,0xa9a1ad,N72EX,34.1689,-118.61064,P,1200,1200,142,247,0
2020-01-26 17:42:55Z.634,0xa9a1ad,N72EX,34.16916,-118.61,P,1200,1200,141,246,0
2020-01-26 17:42:56Z.092,0xa9a1ad,N72EX,34.16876,-118.61109,P,1200,1200,142,247,0
2020-01-26 17:42:59Z.016,0xa9a1ad,N72EX,34.16817,-118.61282,P,1200,1200,142,247,-192
2020-01-26 17:42:59Z.026,0xa9a1ad,N72EX,34.16817,-118.61282,P,1200,1200,142,247,-64
2020-01-26 17:42:59Z.408,0xa9a1ad,N72EX,34.16804,-118.6132,P,1200,1200,142,248,-192
2020-01-26 17:42:59Z.884,0xa9a1ad,N72EX,34.16785,-118.61389,P,1200,1200,143,248,-64
2020-01-26 17:42:59Z.922,0xa9a1ad,N72EX,34.16785,-118.61389,P,1200,1200,142,247,0
2020-01-26 17:43:00Z.464,0xa9a1ad,N72EX,34.16771,-118.61423,P,1200,1200,142,248,-192
2020-01-26 17:43:01Z.828,0xa9a1ad,N72EX,34.16757,-118.61462,P,1200,1200,142,248,-64
2020-01-26 17:43:02Z.380,0xa9a1ad,N72EX,34.16725,-118.61572,P,1200,1200,142,249,-64
2020-01-26 17:43:02Z.426,0xa9a1ad,N72EX,34.16725,-118.61572,P,1200,1200,142,249,-64
2020-01-26 17:43:04Z.922,0xa9a1ad,N72EX,34.16687,-118.61693,P,1200,1200,143,249,128
2020-01-26 17:43:06Z.002,0xa9a1ad,N72EX,34.16664,-118.61767,P,1200,1200,143,249,192
2020-01-26 17:43:06Z.532,0xa9a1ad,N72EX,34.1665,-118.61813,P,1200,1200,142,249,192
2020-01-26 17:43:06Z.746,0xa9a1ad,N72EX,34.16632,-118.61876,P,1200,1200,142,249,192
2020-01-26 17:43:06Z.972,0xa9a1ad,N72EX,34.16632,-118.61876,P,1200,1200,142,249,192
2020-01-26 17:43:07Z.414,0xa9a1ad,N72EX,34.16608,-118.6195,P,1200,1200,142,249,256
2020-01-26 17:43:07Z.902,0xa9a1ad,N72EX,34.16608,-118.6195,P,1200,1200,142,249,256
2020-01-26 17:43:07Z.944,0xa9a1ad,N72EX,34.1662,-118.6191,P,1200,1200,142,249,192
2020-01-26 17:43:08Z.948,0xa9a1ad,N72EX,34.16571,-118.62064,P,1200,1200,142,249,256
2020-01-26 17:43:09Z.512,0xa9a1ad,N72EX,34.16581,-118.62036,P,1200,1200,141,249,256
2020-01-26 17:43:10Z.390,0xa9a1ad,N72EX,34.16547,-118.62146,P,1200,1200,142,249,256
2020-01-26 17:43:10Z.468,0xa9a1ad,N72EX,34.16537,-118.6218,P,1225,1200,141,249,192
2020-01-26 17:43:10Z.594,0xa9a1ad,N72EX,34.1656,-118.62101,P,1200,1200,142,249,192
2020-01-26 17:43:11Z.462,0xa9a1ad,N72EX,34.16515,-118.62252,P,1200,1200,141,249,128
2020-01-26 17:43:11Z.918,0xa9a1ad,N72EX,34.16515,-118.62252,P,1200,1200,141,249,128
2020-01-26 17:43:13Z.436,0xa9a1ad,N72EX,34.16492,-118.62316,P,1225,1200,141,248,64
2020-01-26 17:43:13Z.866,0xa9a1ad,N72EX,34.16455,-118.62426,P,1225,1200,141,248,64
2020-01-26 17:43:13Z.916,0xa9a1ad,N72EX,34.16469,-118.6239,P,1225,1200,141,248,0
2020-01-26 17:43:14Z.366,0xa9a1ad,N72EX,34.16446,-118.62454,P,1225,1200,141,248,64
2020-01-26 17:43:14Z.954,0xa9a1ad,N72EX,34.16432,-118.62499,P,1225,1200,140,248,64
2020-01-26 17:43:15Z.752,0xa9a1ad,N72EX,34.16418,-118.62543,P,1225,1200,141,247,0
2020-01-26 17:43:16Z.356,0xa9a1ad,N72EX,34.16394,-118.62608,P,1225,1200,141,247,-64
2020-01-26 17:43:17Z.364,0xa9a1ad,N72EX,34.16394,-118.62608,P,1225,1200,141,247,-64
2020-01-26 17:43:17Z.900,0xa9a1ad,N72EX,34.16382,-118.62645,P,1225,1200,141,248,-128
2020-01-26 17:43:19Z.144,0xa9a1ad,N72EX,34.16329,-118.62814,P,1200,1200,141,248,-256
2020-01-26 17:43:19Z.628,0xa9a1ad,N72EX,34.16329,-118.62814,P,1200,1200,141,248,-256
2020-01-26 17:43:20Z.208,0xa9a1ad,N72EX,34.16301,-118.62888,P,1200,1200,141,248,-192
2020-01-26 17:43:20Z.248,0xa9a1ad,N72EX,34.16301,-118.62888,P,1200,1200,141,248,-192
2020-01-26 17:43:21Z.172,0xa9a1ad,N72EX,34.16278,-118.62962,P,1200,1200,141,248,-192
2020-01-26 17:43:22Z.090,0xa9a1ad,N72EX,34.16254,-118.63032,P,1200,1200,142,248,-192
2020-01-26 17:43:22Z.154,0xa9a1ad,N72EX,34.16267,-118.63004,P,1200,1200,142,248,-192
2020-01-26 17:43:22Z.164,0xa9a1ad,N72EX,34.16267,-118.63004,P,1200,1200,142,248,-192
2020-01-26 17:43:22Z.982,0xa9a1ad,N72EX,34.16245,-118.63059,P,1200,1200,142,248,-192
2020-01-26 17:43:24Z.306,0xa9a1ad,N72EX,34.16226,-118.63116,P,1200,1200,142,248,-192
2020-01-26 17:43:24Z.794,0xa9a1ad,N72EX,34.16185,-118.63232,P,1200,1200,142,246,0
2020-01-26 17:43:25Z.892,0xa9a1ad,N72EX,34.16171,-118.63272,P,1200,1200,142,246,0
2020-01-26 17:43:26Z.758,0xa9a1ad,N72EX,34.16148,-118.63334,P,1200,1200,141,246,0
2020-01-26 17:43:27Z.350,0xa9a1ad,N72EX,34.16148,-118.63334,P,1200,1200,141,246,64
2020-01-26 17:43:27Z.366,0xa9a1ad,N72EX,34.16133,-118.63374,P,1200,1200,141,246,0
2020-01-26 17:43:27Z.706,0xa9a1ad,N72EX,34.16112,-118.63441,P,1200,1200,141,246,64
2020-01-26 17:43:28Z.220,0xa9a1ad,N72EX,34.16093,-118.6348,P,1200,1200,141,245,192
2020-01-26 17:43:29Z.136,0xa9a1ad,N72EX,34.16068,-118.63547,P,1200,1200,142,248,-192
2020-01-26 17:43:30Z.514,0xa9a1ad,N72EX,34.16034,-118.63637,P,1200,1200,140,244,320
2020-01-26 17:43:30Z.576,0xa9a1ad,N72EX,34.16059,-118.63575,P,1200,1200,141,244,320
2020-01-26 17:43:31Z.518,0xa9a1ad,N72EX,34.15998,-118.63718,P,1200,1200,139,244,256
2020-01-26 17:43:31Z.626,0xa9a1ad,N72EX,34.15998,-118.63718,P,1200,1200,139,244,256
2020-01-26 17:43:31Z.726,0xa9a1ad,N72EX,34.15998,-118.63718,P,1200,1200,139,244,256
2020-01-26 17:43:32Z.090,0xa9a1ad,N72EX,34.15998,-118.63718,P,1200,1200,141,246,64
2020-01-26 17:43:32Z.102,0xa9a1ad,N72EX,34.15985,-118.63758,P,1200,1200,140,243,256
2020-01-26 17:43:33Z.666,0xa9a1ad,N72EX,34.15938,-118.63861,P,1200,1200,140,244,320
2020-01-26 17:43:34Z.270,0xa9a1ad,N72EX,34.15924,-118.63895,P,1225,1200,139,243,128
2020-01-26 17:43:35Z.150,0xa9a1ad,N72EX,34.15924,-118.63895,P,1225,1200,139,243,128
2020-01-26 17:43:36Z.180,0xa9a1ad,N72EX,34.15883,-118.64001,P,1225,1200,138,242,0
2020-01-26 17:43:36Z.228,0xa9a1ad,N72EX,34.15868,-118.64033,P,1225,1200,138,242,0
2020-01-26 17:43:37Z.698,0xa9a1ad,N72EX,34.15836,-118.64101,P,1225,1200,138,242,0
2020-01-26 17:43:38Z.128,0xa9a1ad,N72EX,34.15808,-118.6417,P,1225,1200,137,242,-64
2020-01-26 17:43:38Z.416,0xa9a1ad,N72EX,34.15836,-118.64101,P,1225,1200,138,242,0
2020-01-26 17:43:39Z.764,0xa9a1ad,N72EX,34.15761,-118.64279,P,1225,1200,136,242,-128
2020-01-26 17:43:40Z.144,0xa9a1ad,N72EX,34.15747,-118.64302,P,1225,1200,136,242,-128
2020-01-26 17:43:41Z.216,0xa9a1ad,N72EX,34.15714,-118.64377,P,1225,1200,136,242,-64
2020-01-26 17:43:41Z.824,0xa9a1ad,N72EX,34.15701,-118.6441,P,1225,1200,136,242,-128
2020-01-26 17:43:43Z.392,0xa9a1ad,N72EX,34.15686,-118.64444,P,1225,1200,136,242,-128
2020-01-26 17:43:43Z.452,0xa9a1ad,N72EX,34.15649,-118.64528,P,1225,1200,136,241,-64
2020-01-26 17:43:43Z.888,0xa9a1ad,N72EX,34.15636,-118.64556,P,1225,1200,136,242,-128
2020-01-26 17:43:43Z.904,0xa9a1ad,N72EX,34.15636,-118.64556,P,1225,1200,136,241,0
2020-01-26 17:43:44Z.876,0xa9a1ad,N72EX,34.15636,-118.64556,P,1225,1200,136,241,-64
2020-01-26 17:43:45Z.076,0xa9a1ad,N72EX,34.15636,-118.64556,P,1225,0,136,242,-64
2020-01-26 17:43:45Z.142,0xa9a1ad,N72EX,34.15603,-118.64628,P,1225,1200,136,241,0
2020-01-26 17:43:45Z.540,0xa9a1ad,N72EX,34.15603,-118.64628,P,1225,1200,136,241,0
2020-01-26 17:43:46Z.150,0xa9a1ad,N72EX,34.15565,-118.64708,P,1225,1200,136,240,64
2020-01-26 17:43:46Z.242,0xa9a1ad,N72EX,34.15565,-118.64708,P,1225,1200,136,240,64
2020-01-26 17:43:47Z.640,0xa9a1ad,N72EX,34.15524,-118.64799,P,1225,0,136,240,0
2020-01-26 17:43:47Z.732,0xa9a1ad,N72EX,34.15524,-118.64799,P,1225,1200,136,240,64
2020-01-26 17:43:48Z.576,0xa9a1ad,N72EX,34.15524,-118.64799,P,1225,1200,136,240,64
2020-01-26 17:43:48Z.630,0xa9a1ad,N72EX,34.15508,-118.64831,P,1225,1200,136,242,-128
2020-01-26 17:43:49Z.066,0xa9a1ad,N72EX,34.15475,-118.64898,P,1225,1200,134,241,64
2020-01-26 17:43:49Z.918,0xa9a1ad,N72EX,34.15449,-118.6496,P,1225,1200,134,241,0
2020-01-26 17:43:50Z.538,0xa9a1ad,N72EX,34.15434,-118.64993,P,1225,1200,135,241,0
2020-01-26 17:43:51Z.060,0xa9a1ad,N72EX,34.15434,-118.64993,P,1225,1200,134,241,0
2020-01-26 17:43:52Z.038,0xa9a1ad,N72EX,34.15388,-118.651,P,1225,1200,134,242,-64
2020-01-26 17:43:53Z.464,0xa9a1ad,N72EX,34.15379,-118.65122,P,1225,1200,136,242,-128
2020-01-26 17:43:53Z.668,0xa9a1ad,N72EX,34.15379,-118.65122,P,1225,1200,135,242,-128
2020-01-26 17:43:54Z.050,0xa9a1ad,N72EX,34.15347,-118.652,P,1225,1200,135,243,-192
2020-01-26 17:43:55Z.532,0xa9a1ad,N72EX,34.1531,-118.65292,P,1225,0,136,240,0
2020-01-26 17:43:56Z.034,0xa9a1ad,N72EX,34.15297,-118.6533,P,1225,1200,135,244,-128
2020-01-26 17:43:56Z.072,0xa9a1ad,N72EX,34.15297,-118.6533,P,1225,1200,134,244,-64
2020-01-26 17:43:56Z.506,0xa9a1ad,N72EX,34.15297,-118.6533,P,1225,1200,134,244,-64
2020-01-26 17:43:57Z.674,0xa9a1ad,N72EX,34.15268,-118.65401,P,1225,1200,134,245,128
2020-01-26 17:43:58Z.210,0xa9a1ad,N72EX,34.15231,-118.65509,P,1225,1200,133,247,320
2020-01-26 17:43:58Z.850,0xa9a1ad,N72EX,34.15231,-118.65509,P,1225,1200,133,247,320
2020-01-26 17:43:59Z.774,0xa9a1ad,N72EX,34.15205,-118.65588,P,1225,1200,132,247,320
2020-01-26 17:44:01Z.684,0xa9a1ad,N72EX,34.15155,-118.65755,P,1250,1200,130,250,320
2020-01-26 17:44:01Z.836,0xa9a1ad,N72EX,34.15174,-118.65692,P,1225,1200,130,249,320
2020-01-26 17:44:02Z.658,0xa9a1ad,N72EX,34.15137,-118.65823,P,1250,1200,129,251,320
2020-01-26 17:44:02Z.764,0xa9a1ad,N72EX,34.15155,-118.65755,P,1250,0,130,249,320
2020-01-26 17:44:03Z.340,0xa9a1ad,N72EX,34.15146,-118.65795,P,1250,1200,130,250,320
2020-01-26 17:44:05Z.650,0xa9a1ad,N72EX,34.151,-118.65958,P,1250,1200,129,252,384
2020-01-26 17:44:06Z.176,0xa9a1ad,N72EX,34.15091,-118.6599,P,1275,1200,129,252,384
2020-01-26 17:44:06Z.680,0xa9a1ad,N72EX,34.15082,-118.6603,P,1250,1200,129,253,384
2020-01-26 17:44:08Z.222,0xa9a1ad,N72EX,34.15049,-118.66173,P,1275,1200,129,254,128
2020-01-26 17:44:08Z.278,0xa9a1ad,N72EX,34.15058,-118.66133,P,1275,1200,128,254,256
2020-01-26 17:44:08Z.580,0xa9a1ad,N72EX,34.15039,-118.6623,P,1275,1200,129,255,-64
2020-01-26 17:44:10Z.604,0xa9a1ad,N72EX,34.15009,-118.66378,P,1275,1200,129,257,-128
2020-01-26 17:44:11Z.682,0xa9a1ad,N72EX,34.15009,-118.66378,P,1275,1200,129,256,-64
2020-01-26 17:44:11Z.716,0xa9a1ad,N72EX,34.14998,-118.66459,P,1275,1200,130,258,-320
2020-01-26 17:44:11Z.760,0xa9a1ad,N72EX,34.14998,-118.66459,P,1275,1200,130,258,-320
2020-01-26 17:44:12Z.314,0xa9a1ad,N72EX,34.14998,-118.66459,P,1275,1200,130,257,-192
2020-01-26 17:44:12Z.542,0xa9a1ad,N72EX,34.1499,-118.6649,P,1250,1200,130,249,320
2020-01-26 17:44:12Z.892,0xa9a1ad,N72EX,34.1499,-118.6649,P,1250,1200,130,258,-512
2020-01-26 17:44:14Z.420,0xa9a1ad,N72EX,34.14967,-118.66653,P,1250,1200,132,260,-640
2020-01-26 17:44:16Z.528,0xa9a1ad,N72EX,34.14956,-118.66797,P,1225,1200,130,249,320
2020-01-26 17:44:17Z.256,0xa9a1ad,N72EX,34.14951,-118.66825,P,1225,1200,133,263,-512
2020-01-26 17:44:17Z.854,0xa9a1ad,N72EX,34.14951,-118.66825,P,1225,1200,133,263,-512
2020-01-26 17:44:18Z.248,0xa9a1ad,N72EX,34.14949,-118.6686,P,1200,1200,134,264,-512
2020-01-26 17:44:20Z.314,0xa9a1ad,N72EX,34.14946,-118.67094,P,1200,1200,135,271,-512
2020-01-26 17:44:20Z.342,0xa9a1ad,N72EX,34.14946,-118.6702,P,1200,1200,135,268,-512
2020-01-26 17:44:21Z.464,0xa9a1ad,N72EX,34.14954,-118.67179,P,1175,1200,135,274,-512
2020-01-26 17:44:22Z.058,0xa9a1ad,N72EX,34.14958,-118.67207,P,1175,1200,133,263,-512
2020-01-26 17:44:22Z.522,0xa9a1ad,N72EX,34.14954,-118.67179,P,1175,1200,135,274,-512
2020-01-26 17:44:24Z.336,0xa9a1ad,N72EX,34.14975,-118.67317,P,1175,1200,135,278,-448
2020-01-26 17:44:25Z.844,0xa9a1ad,N72EX,34.15004,-118.67505,P,1150,1200,135,281,-640
2020-01-26 17:44:25Z.956,0xa9a1ad,N72EX,34.14999,-118.67477,P,1150,1200,135,281,-640
2020-01-26 17:44:27Z.752,0xa9a1ad,N72EX,34.15027,-118.67639,P,1125,1200,136,282,-128
2020-01-26 17:44:28Z.688,0xa9a1ad,N72EX,34.15027,-118.67639,P,1125,1200,136,282,-128
2020-01-26 17:44:30Z.126,0xa9a1ad,N72EX,34.15054,-118.67785,P,1125,1200,136,282,0
2020-01-26 17:44:30Z.746,0xa9a1ad,N72EX,34.15068,-118.67863,P,1125,1200,136,282,0
2020-01-26 17:44:32Z.588,0xa9a1ad,N72EX,34.15091,-118.68004,P,1150,1200,136,281,448
2020-01-26 17:44:32Z.678,0xa9a1ad,N72EX,34.15082,-118.67936,P,1150,1200,136,281,384
2020-01-26 17:44:33Z.186,0xa9a1ad,N72EX,34.151,-118.68043,P,1150,1200,136,281,512
2020-01-26 17:44:33Z.628,0xa9a1ad,N72EX,34.151,-118.68043,P,1150,1200,136,281,448
2020-01-26 17:44:34Z.250,0xa9a1ad,N72EX,34.15105,-118.68088,P,1150,1200,136,282,0
2020-01-26 17:44:35Z.650,0xa9a1ad,N72EX,34.15118,-118.6816,P,1150,1200,136,280,832
2020-01-26 17:44:36Z.824,0xa9a1ad,N72EX,34.15137,-118.68313,P,1200,1200,133,279,1280
2020-01-26 17:44:37Z.286,0xa9a1ad,N72EX,34.15141,-118.68351,P,1200,1200,132,279,1344
2020-01-26 17:44:38Z.288,0xa9a1ad,N72EX,34.15141,-118.68351,P,1200,1200,132,279,1344
2020-01-26 17:44:38Z.372,0xa9a1ad,N72EX,34.1515,-118.68423,P,1250,1200,131,278,1344
2020-01-26 17:44:40Z.278,0xa9a1ad,N72EX,34.15169,-118.68564,P,1300,1200,128,276,1600
2020-01-26 17:44:41Z.276,0xa9a1ad,N72EX,34.1517,-118.68605,P,1300,1200,128,276,1664
2020-01-26 17:44:43Z.318,0xa9a1ad,N72EX,34.15173,-118.68777,P,1375,1200,124,270,1856
2020-01-26 17:44:43Z.392,0xa9a1ad,N72EX,34.15173,-118.68777,P,1375,1200,124,270,1856
2020-01-26 17:44:45Z.344,0xa9a1ad,N72EX,34.1517,-118.68851,P,1400,1200,123,267,1856
2020-01-26 17:44:46Z.884,0xa9a1ad,N72EX,34.15156,-118.68988,P,1475,1200,120,262,1792
2020-01-26 17:44:48Z.198,0xa9a1ad,N72EX,34.15141,-118.69068,P,1500,1200,119,258,1664
2020-01-26 17:44:48Z.282,0xa9a1ad,N72EX,34.15132,-118.69108,P,1525,1200,118,257,1600
2020-01-26 17:44:49Z.730,0xa9a1ad,N72EX,34.15109,-118.69205,P,1550,1200,117,253,1472
2020-01-26 17:44:50Z.290,0xa9a1ad,N72EX,34.151,-118.69231,P,1550,1200,118,254,1472
2020-01-26 17:44:53Z.730,0xa9a1ad,N72EX,34.15041,-118.6941,P,1650,1200,116,245,1280
2020-01-26 17:44:53Z.766,0xa9a1ad,N72EX,34.15026,-118.6944,P,1650,1200,116,244,1280
2020-01-26 17:44:53Z.778,0xa9a1ad,N72EX,34.15049,-118.69383,P,1625,1200,116,245,1280
2020-01-26 17:44:57Z.024,0xa9a1ad,N72EX,34.14946,-118.69595,P,1700,1200,115,242,1280
2020-01-26 17:44:57Z.568,0xa9a1ad,N72EX,34.14922,-118.69646,P,1725,1200,115,236,1280
2020-01-26 17:44:59Z.594,0xa9a1ad,N72EX,34.14886,-118.69704,P,1750,1200,115,233,1216
2020-01-26 17:45:00Z.166,0xa9a1ad,N72EX,34.14848,-118.69758,P,1775,1200,114,231,1280
2020-01-26 17:45:01Z.360,0xa9a1ad,,34.14811,-118.69812,P,1800,1200,114,230,1280
2020-01-26 17:45:01Z.784,0xa9a1ad,N72EX,34.14774,-118.69858,P,1825,1200,114,229,1280
2020-01-26 17:45:02Z.256,0xa9a1ad,N72EX,34.14761,-118.69881,P,1825,1200,114,228,1344
2020-01-26 17:45:04Z.340,0xa9a1ad,N72EX,34.14725,-118.69926,P,1850,1200,113,227,1408
2020-01-26 17:45:04Z.850,0xa9a1ad,N72EX,34.14665,-118.69999,P,1900,1200,112,226,1536
2020-01-26 17:45:05Z.838,0xa9a1ad,N72EX,34.14629,-118.70044,P,1925,1200,111,225,1600
2020-01-26 17:45:05Z.918,0xa9a1ad,N72EX,34.14629,-118.70044,P,1925,1200,112,225,1600
2020-01-26 17:45:07Z.380,0xa9a1ad,N72EX,34.14574,-118.7011,P,1950,1200,111,225,1600
2020-01-26 17:45:08Z.448,0xa9a1ad,N72EX,34.14555,-118.70128,P,1975,1200,111,224,1600
2020-01-26 17:45:09Z.338,0xa9a1ad,N72EX,34.14532,-118.70149,P,2000,1200,109,222,1664
2020-01-26 17:45:10Z.962,0xa9a1ad,N72EX,34.1445,-118.70229,P,2075,1200,109,218,1408
2020-01-26 17:45:11Z.478,0xa9a1ad,N72EX,34.14409,-118.70262,P,2100,1200,109,218,1408
2020-01-26 17:45:11Z.490,0xa9a1ad,N72EX,34.1443,-118.70247,P,2100,1200,109,217,1344
2020-01-26 17:45:14Z.352,0xa9a1ad,N72EX,34.14304,-118.70332,P,2125,1200,110,207,768
2020-01-26 17:45:14Z.404,0xa9a1ad,N72EX,34.14323,-118.70322,P,2125,1200,110,207,768
2020-01-26 17:45:15Z.830,0xa9a1ad,N72EX,34.14253,-118.70352,P,2125,1200,111,203,640
2020-01-26 17:45:15Z.924,0xa9a1ad,N72EX,34.14203,-118.70369,P,2125,1200,112,196,320
2020-01-26 17:45:17Z.870,0xa9a1ad,N72EX,34.14148,-118.7038,P,2125,1200,114,190,0
2020-01-26 17:45:18Z.300,0xa9a1ad,N72EX,34.14099,-118.70384,P,2125,1200,112,196,320
2020-01-26 17:45:18Z.488,0xa9a1ad,N72EX,34.14067,-118.70384,P,2125,1200,116,184,-320
2020-01-26 17:45:19Z.850,0xa9a1ad,N72EX,34.13983,-118.70374,P,2100,1200,121,173,-1216
2020-01-26 17:45:20Z.840,0xa9a1ad,N72EX,34.13983,-118.70374,P,2100,1200,121,173,-1216
2020-01-26 17:45:21Z.494,0xa9a1ad,N72EX,34.13932,-118.70361,P,2100,1200,122,171,-1408
2020-01-26 17:45:22Z.214,0xa9a1ad,N72EX,34.13882,-118.70341,P,2050,1200,127,163,-2048
2020-01-26 17:45:22Z.314,0xa9a1ad,N72EX,34.13905,-118.70352,P,2075,1200,124,167,-1664
2020-01-26 17:45:24Z.110,0xa9a1ad,N72EX,34.1375,-118.70257,P,1950,1200,124,167,-1664
2020-01-26 17:45:25Z.014,0xa9a1ad,N72EX,34.13704,-118.70213,P,1900,1200,139,141,-3456
2020-01-26 17:45:26Z.048,0xa9a1ad,N72EX,34.13654,-118.7015,P,1850,1200,144,136,-3712
2020-01-26 17:45:28Z.178,0xa9a1ad,N72EX,34.13568,-118.70007,P,1725,1200,141,139,-3584
2020-01-26 17:45:28Z.744,0xa9a1ad,N72EX,34.1355,-118.69961,P,1700,1200,153,120,-4224
2020-01-26 17:45:29Z.286,0xa9a1ad,N72EX,34.1355,-118.69961,P,1700,1200,125,165,-1856
2020-01-26 17:45:31Z.304,0xa9a1ad,N72EX,34.13498,-118.69746,P,1475,1200,159,101,-4544
2020-01-26 17:45:31Z.398,0xa9a1ad,N72EX,34.13503,-118.6978,P,1525,1200,158,106,-4416
2020-01-26 17:45:32Z.622,0xa9a1ad,N72EX,34.13498,-118.69624,P,1350,1200,141,139,-3584
2020-01-26 17:45:33Z.326,0xa9a1ad,N72EX,34.13493,-118.69657,P,1400,1200,159,101,-4544
2020-01-26 17:45:33Z.686,0xa9a1ad,N72EX,34.13498,-118.69624,P,1350,1200,161,91,-4864
